﻿Designator,Footprint,Quantity,Value,LCSC Part #
C1,C_Disc_D5.0mm_W2.5mm_P5.00mm,1,0.33uf,
"C2, C3",C_Disc_D5.0mm_W2.5mm_P5.00mm,2,0.1uf,
J1,DSUB-15_Male_Horizontal_P2.77x2.84mm_EdgePinOffset7.70mm_Housed_MountingHolesOffset9.12mm,1,A2C_DA15_Plug_MountingHoles,
J2,A2E_50pin_card_edge_female,1,A2E_Slot,
"R1, R6",R_Axial_DIN0207_L6.3mm_D2.5mm_P7.62mm_Horizontal,2,10k,
"R2, R3, R5",R_Axial_DIN0207_L6.3mm_D2.5mm_P7.62mm_Horizontal,3,1k,
R4,R_Axial_DIN0207_L6.3mm_D2.5mm_P7.62mm_Horizontal,1,22K,
SW1,PinSocket_1x03_P2.54mm_Vertical,1,Config,
U1,TO-220-3_Vertical,1,LM7805_TO220,
U2,DIP-8_W7.62mm,1,LM393,
